,i,j,rmse,r2
0,30.0,30.0,1054.493513149263,-18.350095015242402
