,i,j,rmse,r2
0,30.0,30.0,1071.014105681353,-18.144964871283793
