,i,j,rmse,r2
0,30.0,30.0,85.3909303755382,-7.671837515247416
