,i,j,rmse,r2
0,30.0,30.0,1038.8849450532432,-17.504750218615023
