,i,j,rmse,r2
0,30.0,30.0,83.8823022685778,-7.8065320667456
